<?xml version='1.0' encoding='UTF-8'?>
<polls>
 <Sequence>
  <S>2</S>
 </Sequence>
 <Poll1>
  <polldesc></polldesc>
  <slave>1</slave>
  <function>3</function>
  <startaddr>1000</startaddr>
  <addrperitem>1</addrperitem>
  <val1>19</val1>
  <val2>0</val2>
  <val3>10</val3>
  <write>
   <Val>0</Val>
   <Val>0</Val>
  </write>
  <desc>
   <Val>Write Lock</Val>
   <Val>Analog Poll Count</Val>
   <Val>DigIn</Val>
   <Val>DigOut</Val>
   <Val>Invert DigIn</Val>
   <Val>Invert DigOut</Val>
   <Val>Fwd/Rev Tout (100=1sec)</Val>
   <Val>ID1</Val>
   <Val>ID2</Val>
   <Val>ID3</Val>
   <Val>Firmware Version</Val>
   <Val>Firmware CRC</Val>
   <Val>Slave Address</Val>
   <Val>Special Function Code</Val>
   <Val>Densitometer Pressure Channel</Val>
   <Val>Densitometer Slave Addr</Val>
   <Val>Densitometer Pressure Register</Val>
   <Val>RS422/485 Config</Val>
   <Val>SS Debounce Period</Val>
  </desc>
 </Poll1>
 <Poll2>
  <polldesc></polldesc>
  <slave>1</slave>
  <function>3</function>
  <startaddr>1100</startaddr>
  <addrperitem>2</addrperitem>
  <val1>25</val1>
  <val2>1</val2>
  <val3>3210</val3>
  <write>
   <Val>0</Val>
  </write>
  <desc>
   <Val>Version x.xx.xx</Val>
   <Val>Comms Pkt Count</Val>
   <Val>RTU/PIU Mode</Val>
   <Val>Tick ms</Val>
   <Val>Analog Poll count</Val>
   <Val>Freq A x100000</Val>
   <Val>Freq B x100000</Val>
   <Val>Freq C x100000</Val>
   <Val>Period C ns</Val>
   <Val>Count A</Val>
   <Val>Count B</Val>
   <Val>Count C</Val>
   <Val>Ch1 nA</Val>
   <Val>Ch2 nA</Val>
   <Val>Ch3 nA</Val>
   <Val>Ch4 nA</Val>
   <Val>Ch5 nA</Val>
   <Val>Ch6 nA</Val>
   <Val>Ch7 nA</Val>
   <Val>Ch8 nA</Val>
   <Val>Temp degC x100</Val>
   <Val>DigIn</Val>
   <Val>DigOut</Val>
   <Val>Inv Digin</Val>
   <Val>Inv Digout</Val>
  </desc>
 </Poll2>
 <Poll3>
  <polldesc></polldesc>
  <slave>1</slave>
  <function>3</function>
  <startaddr>1200</startaddr>
  <addrperitem>2</addrperitem>
  <val1>18</val1>
  <val2>3</val2>
  <val3>3210</val3>
  <write>
   <Val>0</Val>
  </write>
  <desc>
   <Val>Freq A Hz</Val>
   <Val>Freq B Hz</Val>
   <Val>Freq C Hz</Val>
   <Val>Density C us</Val>
   <Val>Ch1 mA</Val>
   <Val>Ch2 mA</Val>
   <Val>Ch3 mA</Val>
   <Val>Ch4 mA</Val>
   <Val>Ch5 mA</Val>
   <Val>Ch6 mA</Val>
   <Val>Ch7 mA</Val>
   <Val>Ch8 mA</Val>
   <Val>Temp degC</Val>
   <Val>Reserved</Val>
   <Val>Reserved</Val>
   <Val>Densitometer Pressure @4mA</Val>
   <Val>Densitometer Pressure @20mA</Val>
   <Val>Pressure Correction Output</Val>
  </desc>
 </Poll3>
 <Poll4>
  <polldesc></polldesc>
  <slave>1</slave>
  <function>16</function>
  <startaddr>1000</startaddr>
  <addrperitem>1</addrperitem>
  <val1>1</val1>
  <val2></val2>
  <val3>10</val3>
  <write>
   <Val>0</Val>
  </write>
  <desc>
   <Val>Write Protect Unlock</Val>
  </desc>
 </Poll4>
 <Poll5>
  <polldesc></polldesc>
  <slave>1</slave>
  <function>3</function>
  <startaddr>1</startaddr>
  <addrperitem>1</addrperitem>
  <val1>1</val1>
  <val2></val2>
  <val3>10</val3>
  <write>
   <Val>0</Val>
  </write>
  <desc>
   <Val></Val>
  </desc>
 </Poll5>
 <Poll6>
  <polldesc></polldesc>
  <slave>1</slave>
  <function>3</function>
  <startaddr>1</startaddr>
  <addrperitem>1</addrperitem>
  <val1>1</val1>
  <val2></val2>
  <val3>10</val3>
  <write>
   <Val>0</Val>
  </write>
  <desc>
   <Val></Val>
  </desc>
 </Poll6>
 <Poll7>
  <polldesc></polldesc>
  <slave>1</slave>
  <function>3</function>
  <startaddr>1</startaddr>
  <addrperitem>1</addrperitem>
  <val1>1</val1>
  <val2></val2>
  <val3>10</val3>
  <write>
   <Val>0</Val>
  </write>
  <desc>
   <Val></Val>
  </desc>
 </Poll7>
 <Poll8>
  <polldesc></polldesc>
  <slave>1</slave>
  <function>3</function>
  <startaddr>1</startaddr>
  <addrperitem>1</addrperitem>
  <val1>1</val1>
  <val2></val2>
  <val3>10</val3>
  <write>
   <Val>0</Val>
  </write>
  <desc>
   <Val></Val>
  </desc>
 </Poll8>
 <Poll9>
  <polldesc></polldesc>
  <slave>1</slave>
  <function>3</function>
  <startaddr>1</startaddr>
  <addrperitem>1</addrperitem>
  <val1>1</val1>
  <val2></val2>
  <val3></val3>
  <write>
   <Val>0</Val>
  </write>
  <desc>
   <Val></Val>
  </desc>
 </Poll9>
 <Poll10>
  <polldesc></polldesc>
  <slave>1</slave>
  <function>3</function>
  <startaddr>1</startaddr>
  <addrperitem>1</addrperitem>
  <val1>1</val1>
  <val2></val2>
  <val3></val3>
  <write>
   <Val>0</Val>
  </write>
  <desc>
   <Val></Val>
  </desc>
 </Poll10>
 <Poll11>
  <polldesc></polldesc>
  <slave>1</slave>
  <function>3</function>
  <startaddr>1</startaddr>
  <addrperitem>1</addrperitem>
  <val1>1</val1>
  <val2></val2>
  <val3></val3>
  <write>
   <Val>0</Val>
  </write>
  <desc>
   <Val></Val>
  </desc>
 </Poll11>
 <Poll12>
  <polldesc></polldesc>
  <slave>1</slave>
  <function>3</function>
  <startaddr>1</startaddr>
  <addrperitem>1</addrperitem>
  <val1>1</val1>
  <val2></val2>
  <val3></val3>
  <write>
   <Val>0</Val>
  </write>
  <desc>
   <Val></Val>
  </desc>
 </Poll12>
 <Poll13>
  <polldesc></polldesc>
  <slave>1</slave>
  <function>3</function>
  <startaddr>1</startaddr>
  <addrperitem>1</addrperitem>
  <val1>1</val1>
  <val2></val2>
  <val3></val3>
  <write>
   <Val>0</Val>
  </write>
  <desc>
   <Val></Val>
  </desc>
 </Poll13>
 <Poll14>
  <polldesc></polldesc>
  <slave>1</slave>
  <function>3</function>
  <startaddr>1</startaddr>
  <addrperitem>1</addrperitem>
  <val1>1</val1>
  <val2></val2>
  <val3></val3>
  <write>
   <Val>0</Val>
  </write>
  <desc>
   <Val></Val>
  </desc>
 </Poll14>
 <Poll15>
  <polldesc></polldesc>
  <slave>1</slave>
  <function>3</function>
  <startaddr>1</startaddr>
  <addrperitem>1</addrperitem>
  <val1>1</val1>
  <val2></val2>
  <val3></val3>
  <write>
   <Val>0</Val>
  </write>
  <desc>
   <Val></Val>
  </desc>
 </Poll15>
 <Poll16>
  <polldesc></polldesc>
  <slave>1</slave>
  <function>3</function>
  <startaddr>1</startaddr>
  <addrperitem>1</addrperitem>
  <val1>1</val1>
  <val2></val2>
  <val3></val3>
  <write>
   <Val>0</Val>
  </write>
  <desc>
   <Val></Val>
  </desc>
 </Poll16>
 <Poll17>
  <polldesc></polldesc>
  <slave>1</slave>
  <function>3</function>
  <startaddr>1</startaddr>
  <addrperitem>1</addrperitem>
  <val1>1</val1>
  <val2></val2>
  <val3></val3>
  <write>
   <Val>0</Val>
  </write>
  <desc>
   <Val></Val>
  </desc>
 </Poll17>
 <Poll18>
  <polldesc></polldesc>
  <slave>1</slave>
  <function>3</function>
  <startaddr>1</startaddr>
  <addrperitem>1</addrperitem>
  <val1>1</val1>
  <val2></val2>
  <val3></val3>
  <write>
   <Val>0</Val>
  </write>
  <desc>
   <Val></Val>
  </desc>
 </Poll18>
 <Poll19>
  <polldesc></polldesc>
  <slave>1</slave>
  <function>3</function>
  <startaddr>1</startaddr>
  <addrperitem>1</addrperitem>
  <val1>1</val1>
  <val2></val2>
  <val3></val3>
  <write>
   <Val>0</Val>
  </write>
  <desc>
   <Val></Val>
  </desc>
 </Poll19>
 <Poll20>
  <polldesc></polldesc>
  <slave>1</slave>
  <function>3</function>
  <startaddr>1</startaddr>
  <addrperitem>1</addrperitem>
  <val1>1</val1>
  <val2></val2>
  <val3></val3>
  <write>
   <Val>0</Val>
  </write>
  <desc>
   <Val></Val>
  </desc>
 </Poll20>
 <Poll21>
  <polldesc></polldesc>
  <slave>1</slave>
  <function>3</function>
  <startaddr>1</startaddr>
  <addrperitem>1</addrperitem>
  <val1>1</val1>
  <val2></val2>
  <val3></val3>
  <write>
   <Val>0</Val>
  </write>
  <desc>
   <Val></Val>
  </desc>
 </Poll21>
 <Poll22>
  <polldesc></polldesc>
  <slave>1</slave>
  <function>3</function>
  <startaddr>1</startaddr>
  <addrperitem>1</addrperitem>
  <val1>1</val1>
  <val2></val2>
  <val3></val3>
  <write>
   <Val>0</Val>
  </write>
  <desc>
   <Val></Val>
  </desc>
 </Poll22>
 <Poll23>
  <polldesc></polldesc>
  <slave>1</slave>
  <function>3</function>
  <startaddr>1</startaddr>
  <addrperitem>1</addrperitem>
  <val1>1</val1>
  <val2></val2>
  <val3></val3>
  <write>
   <Val>0</Val>
  </write>
  <desc>
   <Val></Val>
  </desc>
 </Poll23>
 <Poll24>
  <polldesc></polldesc>
  <slave>1</slave>
  <function>3</function>
  <startaddr>1</startaddr>
  <addrperitem>1</addrperitem>
  <val1>1</val1>
  <val2></val2>
  <val3></val3>
  <write>
   <Val>0</Val>
  </write>
  <desc>
   <Val></Val>
  </desc>
 </Poll24>
 <Poll25>
  <polldesc></polldesc>
  <slave>1</slave>
  <function>3</function>
  <startaddr>1</startaddr>
  <addrperitem>1</addrperitem>
  <val1>1</val1>
  <val2></val2>
  <val3></val3>
  <write>
   <Val>0</Val>
  </write>
  <desc>
   <Val></Val>
  </desc>
 </Poll25>
 <Poll26>
  <polldesc></polldesc>
  <slave>1</slave>
  <function>3</function>
  <startaddr>1</startaddr>
  <addrperitem>1</addrperitem>
  <val1>1</val1>
  <val2></val2>
  <val3></val3>
  <write>
   <Val>0</Val>
  </write>
  <desc>
   <Val></Val>
  </desc>
 </Poll26>
 <Poll27>
  <polldesc></polldesc>
  <slave>1</slave>
  <function>3</function>
  <startaddr>1</startaddr>
  <addrperitem>1</addrperitem>
  <val1>1</val1>
  <val2></val2>
  <val3></val3>
  <write>
   <Val>0</Val>
  </write>
  <desc>
   <Val></Val>
  </desc>
 </Poll27>
 <Poll28>
  <polldesc></polldesc>
  <slave>1</slave>
  <function>3</function>
  <startaddr>1</startaddr>
  <addrperitem>1</addrperitem>
  <val1>1</val1>
  <val2></val2>
  <val3></val3>
  <write>
   <Val>0</Val>
  </write>
  <desc>
   <Val></Val>
  </desc>
 </Poll28>
 <Poll29>
  <polldesc></polldesc>
  <slave>1</slave>
  <function>3</function>
  <startaddr>1</startaddr>
  <addrperitem>1</addrperitem>
  <val1>1</val1>
  <val2></val2>
  <val3></val3>
  <write>
   <Val>0</Val>
  </write>
  <desc>
   <Val></Val>
  </desc>
 </Poll29>
 <Poll30>
  <polldesc></polldesc>
  <slave>1</slave>
  <function>3</function>
  <startaddr>1</startaddr>
  <addrperitem>1</addrperitem>
  <val1>1</val1>
  <val2></val2>
  <val3></val3>
  <write>
   <Val>0</Val>
  </write>
  <desc>
   <Val></Val>
  </desc>
 </Poll30>
 <Poll31>
  <polldesc></polldesc>
  <slave>1</slave>
  <function>3</function>
  <startaddr>1</startaddr>
  <addrperitem>1</addrperitem>
  <val1>1</val1>
  <val2></val2>
  <val3></val3>
  <write>
   <Val>0</Val>
  </write>
  <desc>
   <Val></Val>
  </desc>
 </Poll31>
 <Poll32>
  <polldesc></polldesc>
  <slave>1</slave>
  <function>3</function>
  <startaddr>1</startaddr>
  <addrperitem>1</addrperitem>
  <val1>1</val1>
  <val2></val2>
  <val3></val3>
  <write>
   <Val>0</Val>
  </write>
  <desc>
   <Val></Val>
  </desc>
 </Poll32>
 <Poll33>
  <polldesc></polldesc>
  <slave>1</slave>
  <function>3</function>
  <startaddr>1</startaddr>
  <addrperitem>1</addrperitem>
  <val1>1</val1>
  <val2></val2>
  <val3></val3>
  <write>
   <Val>0</Val>
  </write>
  <desc>
   <Val></Val>
  </desc>
 </Poll33>
 <Poll34>
  <polldesc></polldesc>
  <slave>1</slave>
  <function>3</function>
  <startaddr>1</startaddr>
  <addrperitem>1</addrperitem>
  <val1>1</val1>
  <val2></val2>
  <val3></val3>
  <write>
   <Val>0</Val>
  </write>
  <desc>
   <Val></Val>
  </desc>
 </Poll34>
 <Poll35>
  <polldesc></polldesc>
  <slave>1</slave>
  <function>3</function>
  <startaddr>1</startaddr>
  <addrperitem>1</addrperitem>
  <val1>1</val1>
  <val2></val2>
  <val3></val3>
  <write>
   <Val>0</Val>
  </write>
  <desc>
   <Val></Val>
  </desc>
 </Poll35>
 <Poll36>
  <polldesc></polldesc>
  <slave>1</slave>
  <function>3</function>
  <startaddr>1</startaddr>
  <addrperitem>1</addrperitem>
  <val1>1</val1>
  <val2></val2>
  <val3></val3>
  <write>
   <Val>0</Val>
  </write>
  <desc>
   <Val></Val>
  </desc>
 </Poll36>
 <Poll37>
  <polldesc></polldesc>
  <slave>1</slave>
  <function>3</function>
  <startaddr>1</startaddr>
  <addrperitem>1</addrperitem>
  <val1>1</val1>
  <val2></val2>
  <val3></val3>
  <write>
   <Val>0</Val>
  </write>
  <desc>
   <Val></Val>
  </desc>
 </Poll37>
 <Poll38>
  <polldesc></polldesc>
  <slave>1</slave>
  <function>3</function>
  <startaddr>1</startaddr>
  <addrperitem>1</addrperitem>
  <val1>1</val1>
  <val2></val2>
  <val3></val3>
  <write>
   <Val>0</Val>
  </write>
  <desc>
   <Val></Val>
  </desc>
 </Poll38>
 <Poll39>
  <polldesc></polldesc>
  <slave>1</slave>
  <function>3</function>
  <startaddr>1</startaddr>
  <addrperitem>1</addrperitem>
  <val1>1</val1>
  <val2></val2>
  <val3></val3>
  <write>
   <Val>0</Val>
  </write>
  <desc>
   <Val></Val>
  </desc>
 </Poll39>
 <Poll40>
  <polldesc></polldesc>
  <slave>1</slave>
  <function>3</function>
  <startaddr>1</startaddr>
  <addrperitem>1</addrperitem>
  <val1>1</val1>
  <val2></val2>
  <val3></val3>
  <write>
   <Val>0</Val>
  </write>
  <desc>
   <Val></Val>
  </desc>
 </Poll40>
 <Poll41>
  <polldesc></polldesc>
  <slave>1</slave>
  <function>3</function>
  <startaddr>1</startaddr>
  <addrperitem>1</addrperitem>
  <val1>1</val1>
  <val2></val2>
  <val3></val3>
  <write>
   <Val>0</Val>
  </write>
  <desc>
   <Val></Val>
  </desc>
 </Poll41>
 <Poll42>
  <polldesc></polldesc>
  <slave>1</slave>
  <function>3</function>
  <startaddr>1</startaddr>
  <addrperitem>1</addrperitem>
  <val1>1</val1>
  <val2></val2>
  <val3></val3>
  <write>
   <Val>0</Val>
  </write>
  <desc>
   <Val></Val>
  </desc>
 </Poll42>
 <Poll43>
  <polldesc></polldesc>
  <slave>1</slave>
  <function>3</function>
  <startaddr>1</startaddr>
  <addrperitem>1</addrperitem>
  <val1>1</val1>
  <val2></val2>
  <val3></val3>
  <write>
   <Val>0</Val>
  </write>
  <desc>
   <Val></Val>
  </desc>
 </Poll43>
 <Poll44>
  <polldesc></polldesc>
  <slave>1</slave>
  <function>3</function>
  <startaddr>1</startaddr>
  <addrperitem>1</addrperitem>
  <val1>1</val1>
  <val2></val2>
  <val3></val3>
  <write>
   <Val>0</Val>
  </write>
  <desc>
   <Val></Val>
  </desc>
 </Poll44>
 <Poll45>
  <polldesc></polldesc>
  <slave>1</slave>
  <function>3</function>
  <startaddr>1</startaddr>
  <addrperitem>1</addrperitem>
  <val1>1</val1>
  <val2></val2>
  <val3></val3>
  <write>
   <Val>0</Val>
  </write>
  <desc>
   <Val></Val>
  </desc>
 </Poll45>
 <Poll46>
  <polldesc></polldesc>
  <slave>1</slave>
  <function>3</function>
  <startaddr>1</startaddr>
  <addrperitem>1</addrperitem>
  <val1>1</val1>
  <val2></val2>
  <val3></val3>
  <write>
   <Val>0</Val>
  </write>
  <desc>
   <Val></Val>
  </desc>
 </Poll46>
 <Poll47>
  <polldesc></polldesc>
  <slave>1</slave>
  <function>3</function>
  <startaddr>1</startaddr>
  <addrperitem>1</addrperitem>
  <val1>1</val1>
  <val2></val2>
  <val3></val3>
  <write>
   <Val>0</Val>
  </write>
  <desc>
   <Val></Val>
  </desc>
 </Poll47>
 <Poll48>
  <polldesc></polldesc>
  <slave>1</slave>
  <function>3</function>
  <startaddr>1</startaddr>
  <addrperitem>1</addrperitem>
  <val1>1</val1>
  <val2></val2>
  <val3></val3>
  <write>
   <Val>0</Val>
  </write>
  <desc>
   <Val></Val>
  </desc>
 </Poll48>
 <Poll49>
  <polldesc></polldesc>
  <slave>1</slave>
  <function>3</function>
  <startaddr>1</startaddr>
  <addrperitem>1</addrperitem>
  <val1>1</val1>
  <val2></val2>
  <val3></val3>
  <write>
   <Val>0</Val>
  </write>
  <desc>
   <Val></Val>
  </desc>
 </Poll49>
 <Poll50>
  <polldesc></polldesc>
  <slave>1</slave>
  <function>3</function>
  <startaddr>1</startaddr>
  <addrperitem>1</addrperitem>
  <val1>1</val1>
  <val2></val2>
  <val3></val3>
  <write>
   <Val>0</Val>
  </write>
  <desc>
   <Val></Val>
  </desc>
 </Poll50>
 <Poll51>
  <polldesc></polldesc>
  <slave>1</slave>
  <function>3</function>
  <startaddr>1</startaddr>
  <addrperitem>1</addrperitem>
  <val1>1</val1>
  <val2></val2>
  <val3></val3>
  <write>
   <Val>0</Val>
  </write>
  <desc>
   <Val></Val>
  </desc>
 </Poll51>
 <Poll52>
  <polldesc></polldesc>
  <slave>1</slave>
  <function>3</function>
  <startaddr>1</startaddr>
  <addrperitem>1</addrperitem>
  <val1>1</val1>
  <val2></val2>
  <val3></val3>
  <write>
   <Val>0</Val>
  </write>
  <desc>
   <Val></Val>
  </desc>
 </Poll52>
 <Poll53>
  <polldesc></polldesc>
  <slave>1</slave>
  <function>3</function>
  <startaddr>1</startaddr>
  <addrperitem>1</addrperitem>
  <val1>1</val1>
  <val2></val2>
  <val3></val3>
  <write>
   <Val>0</Val>
  </write>
  <desc>
   <Val></Val>
  </desc>
 </Poll53>
 <Poll54>
  <polldesc></polldesc>
  <slave>1</slave>
  <function>3</function>
  <startaddr>1</startaddr>
  <addrperitem>1</addrperitem>
  <val1>1</val1>
  <val2></val2>
  <val3></val3>
  <write>
   <Val>0</Val>
  </write>
  <desc>
   <Val></Val>
  </desc>
 </Poll54>
 <Poll55>
  <polldesc></polldesc>
  <slave>1</slave>
  <function>3</function>
  <startaddr>1</startaddr>
  <addrperitem>1</addrperitem>
  <val1>1</val1>
  <val2></val2>
  <val3></val3>
  <write>
   <Val>0</Val>
  </write>
  <desc>
   <Val></Val>
  </desc>
 </Poll55>
 <Poll56>
  <polldesc></polldesc>
  <slave>1</slave>
  <function>3</function>
  <startaddr>1</startaddr>
  <addrperitem>1</addrperitem>
  <val1>1</val1>
  <val2></val2>
  <val3></val3>
  <write>
   <Val>0</Val>
  </write>
  <desc>
   <Val></Val>
  </desc>
 </Poll56>
 <Poll57>
  <polldesc></polldesc>
  <slave>1</slave>
  <function>3</function>
  <startaddr>1</startaddr>
  <addrperitem>1</addrperitem>
  <val1>1</val1>
  <val2></val2>
  <val3></val3>
  <write>
   <Val>0</Val>
  </write>
  <desc>
   <Val></Val>
  </desc>
 </Poll57>
 <Poll58>
  <polldesc></polldesc>
  <slave>1</slave>
  <function>3</function>
  <startaddr>1</startaddr>
  <addrperitem>1</addrperitem>
  <val1>1</val1>
  <val2></val2>
  <val3></val3>
  <write>
   <Val>0</Val>
  </write>
  <desc>
   <Val></Val>
  </desc>
 </Poll58>
 <Poll59>
  <polldesc></polldesc>
  <slave>1</slave>
  <function>3</function>
  <startaddr>1</startaddr>
  <addrperitem>1</addrperitem>
  <val1>1</val1>
  <val2></val2>
  <val3></val3>
  <write>
   <Val>0</Val>
  </write>
  <desc>
   <Val></Val>
  </desc>
 </Poll59>
 <Poll60>
  <polldesc></polldesc>
  <slave>1</slave>
  <function>3</function>
  <startaddr>1</startaddr>
  <addrperitem>1</addrperitem>
  <val1>1</val1>
  <val2></val2>
  <val3></val3>
  <write>
   <Val>0</Val>
  </write>
  <desc>
   <Val></Val>
  </desc>
 </Poll60>
 <Poll61>
  <polldesc></polldesc>
  <slave>1</slave>
  <function>3</function>
  <startaddr>1</startaddr>
  <addrperitem>1</addrperitem>
  <val1>1</val1>
  <val2></val2>
  <val3></val3>
  <write>
   <Val>0</Val>
  </write>
  <desc>
   <Val></Val>
  </desc>
 </Poll61>
 <Poll62>
  <polldesc></polldesc>
  <slave>1</slave>
  <function>3</function>
  <startaddr>1</startaddr>
  <addrperitem>1</addrperitem>
  <val1>1</val1>
  <val2></val2>
  <val3></val3>
  <write>
   <Val>0</Val>
  </write>
  <desc>
   <Val></Val>
  </desc>
 </Poll62>
 <Poll63>
  <polldesc></polldesc>
  <slave>1</slave>
  <function>3</function>
  <startaddr>1</startaddr>
  <addrperitem>1</addrperitem>
  <val1>1</val1>
  <val2></val2>
  <val3></val3>
  <write>
   <Val>0</Val>
  </write>
  <desc>
   <Val></Val>
  </desc>
 </Poll63>
 <Poll64>
  <polldesc></polldesc>
  <slave>1</slave>
  <function>3</function>
  <startaddr>1</startaddr>
  <addrperitem>1</addrperitem>
  <val1>1</val1>
  <val2></val2>
  <val3></val3>
  <write>
   <Val>0</Val>
  </write>
  <desc>
   <Val></Val>
  </desc>
 </Poll64>
 <Poll65>
  <polldesc></polldesc>
  <slave>1</slave>
  <function>3</function>
  <startaddr>1</startaddr>
  <addrperitem>1</addrperitem>
  <val1>1</val1>
  <val2></val2>
  <val3></val3>
  <write>
   <Val>0</Val>
  </write>
  <desc>
   <Val></Val>
  </desc>
 </Poll65>
 <Poll66>
  <polldesc></polldesc>
  <slave>1</slave>
  <function>3</function>
  <startaddr>1</startaddr>
  <addrperitem>1</addrperitem>
  <val1>1</val1>
  <val2></val2>
  <val3></val3>
  <write>
   <Val>0</Val>
  </write>
  <desc>
   <Val></Val>
  </desc>
 </Poll66>
 <Poll67>
  <polldesc></polldesc>
  <slave>1</slave>
  <function>3</function>
  <startaddr>1</startaddr>
  <addrperitem>1</addrperitem>
  <val1>1</val1>
  <val2></val2>
  <val3></val3>
  <write>
   <Val>0</Val>
  </write>
  <desc>
   <Val></Val>
  </desc>
 </Poll67>
 <Poll68>
  <polldesc></polldesc>
  <slave>1</slave>
  <function>3</function>
  <startaddr>1</startaddr>
  <addrperitem>1</addrperitem>
  <val1>1</val1>
  <val2></val2>
  <val3></val3>
  <write>
   <Val>0</Val>
  </write>
  <desc>
   <Val></Val>
  </desc>
 </Poll68>
 <Poll69>
  <polldesc></polldesc>
  <slave>1</slave>
  <function>3</function>
  <startaddr>1</startaddr>
  <addrperitem>1</addrperitem>
  <val1>1</val1>
  <val2></val2>
  <val3></val3>
  <write>
   <Val>0</Val>
  </write>
  <desc>
   <Val></Val>
  </desc>
 </Poll69>
 <Poll70>
  <polldesc></polldesc>
  <slave>1</slave>
  <function>3</function>
  <startaddr>1</startaddr>
  <addrperitem>1</addrperitem>
  <val1>1</val1>
  <val2></val2>
  <val3></val3>
  <write>
   <Val>0</Val>
  </write>
  <desc>
   <Val></Val>
  </desc>
 </Poll70>
 <Poll71>
  <polldesc></polldesc>
  <slave>1</slave>
  <function>3</function>
  <startaddr>1</startaddr>
  <addrperitem>1</addrperitem>
  <val1>1</val1>
  <val2></val2>
  <val3></val3>
  <write>
   <Val>0</Val>
  </write>
  <desc>
   <Val></Val>
  </desc>
 </Poll71>
 <Poll72>
  <polldesc></polldesc>
  <slave>1</slave>
  <function>3</function>
  <startaddr>1</startaddr>
  <addrperitem>1</addrperitem>
  <val1>1</val1>
  <val2></val2>
  <val3></val3>
  <write>
   <Val>0</Val>
  </write>
  <desc>
   <Val></Val>
  </desc>
 </Poll72>
 <Poll73>
  <polldesc></polldesc>
  <slave>1</slave>
  <function>3</function>
  <startaddr>1</startaddr>
  <addrperitem>1</addrperitem>
  <val1>1</val1>
  <val2></val2>
  <val3></val3>
  <write>
   <Val>0</Val>
  </write>
  <desc>
   <Val></Val>
  </desc>
 </Poll73>
 <Poll74>
  <polldesc></polldesc>
  <slave>1</slave>
  <function>3</function>
  <startaddr>1</startaddr>
  <addrperitem>1</addrperitem>
  <val1>1</val1>
  <val2></val2>
  <val3></val3>
  <write>
   <Val>0</Val>
  </write>
  <desc>
   <Val></Val>
  </desc>
 </Poll74>
 <Poll75>
  <polldesc></polldesc>
  <slave>1</slave>
  <function>3</function>
  <startaddr>1</startaddr>
  <addrperitem>1</addrperitem>
  <val1>1</val1>
  <val2></val2>
  <val3></val3>
  <write>
   <Val>0</Val>
  </write>
  <desc>
   <Val></Val>
  </desc>
 </Poll75>
 <Poll76>
  <polldesc></polldesc>
  <slave>1</slave>
  <function>3</function>
  <startaddr>1</startaddr>
  <addrperitem>1</addrperitem>
  <val1>1</val1>
  <val2></val2>
  <val3></val3>
  <write>
   <Val>0</Val>
  </write>
  <desc>
   <Val></Val>
  </desc>
 </Poll76>
 <Poll77>
  <polldesc></polldesc>
  <slave>1</slave>
  <function>3</function>
  <startaddr>1</startaddr>
  <addrperitem>1</addrperitem>
  <val1>1</val1>
  <val2></val2>
  <val3></val3>
  <write>
   <Val>0</Val>
  </write>
  <desc>
   <Val></Val>
  </desc>
 </Poll77>
 <Poll78>
  <polldesc></polldesc>
  <slave>1</slave>
  <function>3</function>
  <startaddr>1</startaddr>
  <addrperitem>1</addrperitem>
  <val1>1</val1>
  <val2></val2>
  <val3></val3>
  <write>
   <Val>0</Val>
  </write>
  <desc>
   <Val></Val>
  </desc>
 </Poll78>
 <Poll79>
  <polldesc></polldesc>
  <slave>1</slave>
  <function>3</function>
  <startaddr>1</startaddr>
  <addrperitem>1</addrperitem>
  <val1>1</val1>
  <val2></val2>
  <val3></val3>
  <write>
   <Val>0</Val>
  </write>
  <desc>
   <Val></Val>
  </desc>
 </Poll79>
 <Poll80>
  <polldesc></polldesc>
  <slave>1</slave>
  <function>3</function>
  <startaddr>1</startaddr>
  <addrperitem>1</addrperitem>
  <val1>1</val1>
  <val2></val2>
  <val3></val3>
  <write>
   <Val>0</Val>
  </write>
  <desc>
   <Val></Val>
  </desc>
 </Poll80>
 <Poll81>
  <polldesc></polldesc>
  <slave>1</slave>
  <function>3</function>
  <startaddr>1</startaddr>
  <addrperitem>1</addrperitem>
  <val1>1</val1>
  <val2></val2>
  <val3></val3>
  <write>
   <Val>0</Val>
  </write>
  <desc>
   <Val></Val>
  </desc>
 </Poll81>
 <Poll82>
  <polldesc></polldesc>
  <slave>1</slave>
  <function>3</function>
  <startaddr>1</startaddr>
  <addrperitem>1</addrperitem>
  <val1>1</val1>
  <val2></val2>
  <val3></val3>
  <write>
   <Val>0</Val>
  </write>
  <desc>
   <Val></Val>
  </desc>
 </Poll82>
 <Poll83>
  <polldesc></polldesc>
  <slave>1</slave>
  <function>3</function>
  <startaddr>1</startaddr>
  <addrperitem>1</addrperitem>
  <val1>1</val1>
  <val2></val2>
  <val3></val3>
  <write>
   <Val>0</Val>
  </write>
  <desc>
   <Val></Val>
  </desc>
 </Poll83>
 <Poll84>
  <polldesc></polldesc>
  <slave>1</slave>
  <function>3</function>
  <startaddr>1</startaddr>
  <addrperitem>1</addrperitem>
  <val1>1</val1>
  <val2></val2>
  <val3></val3>
  <write>
   <Val>0</Val>
  </write>
  <desc>
   <Val></Val>
  </desc>
 </Poll84>
 <Poll85>
  <polldesc></polldesc>
  <slave>1</slave>
  <function>3</function>
  <startaddr>1</startaddr>
  <addrperitem>1</addrperitem>
  <val1>1</val1>
  <val2></val2>
  <val3></val3>
  <write>
   <Val>0</Val>
  </write>
  <desc>
   <Val></Val>
  </desc>
 </Poll85>
 <Poll86>
  <polldesc></polldesc>
  <slave>1</slave>
  <function>3</function>
  <startaddr>1</startaddr>
  <addrperitem>1</addrperitem>
  <val1>1</val1>
  <val2></val2>
  <val3></val3>
  <write>
   <Val>0</Val>
  </write>
  <desc>
   <Val></Val>
  </desc>
 </Poll86>
 <Poll87>
  <polldesc></polldesc>
  <slave>1</slave>
  <function>3</function>
  <startaddr>1</startaddr>
  <addrperitem>1</addrperitem>
  <val1>1</val1>
  <val2></val2>
  <val3></val3>
  <write>
   <Val>0</Val>
  </write>
  <desc>
   <Val></Val>
  </desc>
 </Poll87>
 <Poll88>
  <polldesc></polldesc>
  <slave>1</slave>
  <function>3</function>
  <startaddr>1</startaddr>
  <addrperitem>1</addrperitem>
  <val1>1</val1>
  <val2></val2>
  <val3></val3>
  <write>
   <Val>0</Val>
  </write>
  <desc>
   <Val></Val>
  </desc>
 </Poll88>
 <Poll89>
  <polldesc></polldesc>
  <slave>1</slave>
  <function>3</function>
  <startaddr>1</startaddr>
  <addrperitem>1</addrperitem>
  <val1>1</val1>
  <val2></val2>
  <val3></val3>
  <write>
   <Val>0</Val>
  </write>
  <desc>
   <Val></Val>
  </desc>
 </Poll89>
 <Poll90>
  <polldesc></polldesc>
  <slave>1</slave>
  <function>3</function>
  <startaddr>1</startaddr>
  <addrperitem>1</addrperitem>
  <val1>1</val1>
  <val2></val2>
  <val3></val3>
  <write>
   <Val>0</Val>
  </write>
  <desc>
   <Val></Val>
  </desc>
 </Poll90>
 <Poll91>
  <polldesc></polldesc>
  <slave>1</slave>
  <function>3</function>
  <startaddr>1</startaddr>
  <addrperitem>1</addrperitem>
  <val1>1</val1>
  <val2></val2>
  <val3></val3>
  <write>
   <Val>0</Val>
  </write>
  <desc>
   <Val></Val>
  </desc>
 </Poll91>
 <Poll92>
  <polldesc></polldesc>
  <slave>1</slave>
  <function>3</function>
  <startaddr>1</startaddr>
  <addrperitem>1</addrperitem>
  <val1>1</val1>
  <val2></val2>
  <val3></val3>
  <write>
   <Val>0</Val>
  </write>
  <desc>
   <Val></Val>
  </desc>
 </Poll92>
 <Poll93>
  <polldesc></polldesc>
  <slave>1</slave>
  <function>3</function>
  <startaddr>1</startaddr>
  <addrperitem>1</addrperitem>
  <val1>1</val1>
  <val2></val2>
  <val3></val3>
  <write>
   <Val>0</Val>
  </write>
  <desc>
   <Val></Val>
  </desc>
 </Poll93>
 <Poll94>
  <polldesc></polldesc>
  <slave>1</slave>
  <function>3</function>
  <startaddr>1</startaddr>
  <addrperitem>1</addrperitem>
  <val1>1</val1>
  <val2></val2>
  <val3></val3>
  <write>
   <Val>0</Val>
  </write>
  <desc>
   <Val></Val>
  </desc>
 </Poll94>
 <Poll95>
  <polldesc></polldesc>
  <slave>1</slave>
  <function>3</function>
  <startaddr>1</startaddr>
  <addrperitem>1</addrperitem>
  <val1>1</val1>
  <val2></val2>
  <val3></val3>
  <write>
   <Val>0</Val>
  </write>
  <desc>
   <Val></Val>
  </desc>
 </Poll95>
 <Poll96>
  <polldesc></polldesc>
  <slave>1</slave>
  <function>3</function>
  <startaddr>1</startaddr>
  <addrperitem>1</addrperitem>
  <val1>1</val1>
  <val2></val2>
  <val3></val3>
  <write>
   <Val>0</Val>
  </write>
  <desc>
   <Val></Val>
  </desc>
 </Poll96>
 <Poll97>
  <polldesc></polldesc>
  <slave>1</slave>
  <function>3</function>
  <startaddr>1</startaddr>
  <addrperitem>1</addrperitem>
  <val1>1</val1>
  <val2></val2>
  <val3></val3>
  <write>
   <Val>0</Val>
  </write>
  <desc>
   <Val></Val>
  </desc>
 </Poll97>
 <Poll98>
  <polldesc></polldesc>
  <slave>1</slave>
  <function>3</function>
  <startaddr>1</startaddr>
  <addrperitem>1</addrperitem>
  <val1>1</val1>
  <val2></val2>
  <val3></val3>
  <write>
   <Val>0</Val>
  </write>
  <desc>
   <Val></Val>
  </desc>
 </Poll98>
 <Poll99>
  <polldesc></polldesc>
  <slave>1</slave>
  <function>3</function>
  <startaddr>1</startaddr>
  <addrperitem>1</addrperitem>
  <val1>1</val1>
  <val2></val2>
  <val3></val3>
  <write>
   <Val>0</Val>
  </write>
  <desc>
   <Val></Val>
  </desc>
 </Poll99>
</polls>
