<?xml version='1.0' encoding='UTF-8'?>
<polls>
 <Sequence>
  <S>3</S>
 </Sequence>
 <Poll1>
  <polldesc>P572 Scaled 32 Bit integers</polldesc>
  <slave>1</slave>
  <function>3</function>
  <startaddr>2000</startaddr>
  <addrperitem>2</addrperitem>
  <val1>50</val1>
  <val2>1</val2>
  <val3>3210</val3>
  <write>
   <Val>0</Val>
  </write>
  <desc>
   <Val>P513 Hardware Version</Val>
   <Val>P513 Software Version</Val>
   <Val>P572 Firmware Version</Val>
   <Val>Reserved</Val>
   <Val>System Status (Bits: 0-7)</Val>
   <Val>Digital Inputs (Bits: 0-8)</Val>
   <Val>Prover Status</Val>
   <Val>Message Id (2Hz)</Val>
   <Val>Reserved</Val>
   <Val>Good / A pulse count</Val>
   <Val>Reserved</Val>
   <Val>Bad / B pulse count</Val>
   <Val>Reserved</Val>
   <Val>RAWIN pulse count</Val>
   <Val>Prover PULSEIN pulse count</Val>
   <Val>Prover PULSEIN SW1-2 (gated)</Val>
   <Val>Prover Time SW1-2 (gated) x 100ns</Val>
   <Val>Prover Time P1-N1 (gated) x 100ns</Val>
   <Val>Reserved</Val>
   <Val>Good / A frequency x 100,000</Val>
   <Val>Bad / B frequency x 100,000</Val>
   <Val>RAWIN Frequency x 100,000</Val>
   <Val>Reserved</Val>
   <Val>Density 1 period uSec x 100,000</Val>
   <Val>Density 2 period uSec x 100,000</Val>
   <Val>Reserved</Val>
   <Val>Analog Input 1 mA x 1,000,000</Val>
   <Val>Analog Input 2 mA x 1,000,000</Val>
   <Val>Analog Input 3 mA x 1,000,000</Val>
   <Val>Analog Input 4 mA x 1,000,000</Val>
   <Val>Analog Input 5 mA x 1,000,000</Val>
   <Val>Analog Input 6 mA x 1,000,000</Val>
   <Val>Analog Channel Status</Val>
   <Val>Reserved</Val>
   <Val>DAC 1 - mA x 1,000</Val>
   <Val>DAC 2 - mA x 1,000</Val>
   <Val>Digital Outputs (Bits 0-6)</Val>
   <Val>Pulse Output 1 bucket</Val>
   <Val>Pulse Output 2 bucket</Val>
   <Val>Prover Configuration (1=Run)</Val>
   <Val>Reserved - Writes are ignored</Val>
   <Val>Purge Pulse Output #1 (1=Reset)</Val>
   <Val>Purge Pulse Output #2 (1=Reset)</Val>
   <Val>System Configuration - Pulses</Val>
   <Val>System Configuration - Analogs</Val>
   <Val>Pulse Output 1 period mSec</Val>
   <Val>Pulse Output 2 period mSec</Val>
   <Val>Prover OneShot  debounce Count (1ms counts)</Val>
   <Val>RAWOUT Mode (Bits 0-1)</Val>
   <Val>Prover Source Selection (Bits 0-2)</Val>
  </desc>
 </Poll1>
 <Poll2>
  <polldesc>Write to the Debounce Time register</polldesc>
  <slave>1</slave>
  <function>16</function>
  <startaddr>2094</startaddr>
  <addrperitem>2</addrperitem>
  <val1>1</val1>
  <val2>1</val2>
  <val3>3210</val3>
  <write>
   <Val>350</Val>
  </write>
  <desc>
   <Val>Prover OneShot  debounce Count (1ms counts</Val>
  </desc>
 </Poll2>
 <Poll3>
  <polldesc>Prover Block (Timing Data, DigIO &amp; Analog)</polldesc>
  <slave>1</slave>
  <function>3</function>
  <startaddr>2100</startaddr>
  <addrperitem>2</addrperitem>
  <val1>32</val1>
  <val2>1</val2>
  <val3>3210</val3>
  <write>
   <Val>0</Val>
  </write>
  <desc>
   <Val>DCTrigger</Val>
   <Val>TimeA</Val>
   <Val>CountA</Val>
   <Val>TimeB</Val>
   <Val>CountB</Val>
   <Val>TimeC</Val>
   <Val>CountC</Val>
   <Val>TimeD</Val>
   <Val>CountD</Val>
   <Val>TimeRaw</Val>
   <Val>CountRaw</Val>
   <Val>TimeStamp</Val>
   <Val>TimeSS</Val>
   <Val>CountSS</Val>
   <Val>ssTimeA</Val>
   <Val>ssCountA</Val>
   <Val>ssTimeB</Val>
   <Val>ssCountB</Val>
   <Val>ssTimeC</Val>
   <Val>ssCountC</Val>
   <Val>ssTimeD</Val>
   <Val>ssCountD</Val>
   <Val>ssTimeRaw</Val>
   <Val>ssCountRaw</Val>
   <Val>Digins</Val>
   <Val>Digouts</Val>
   <Val>Analog1</Val>
   <Val>Analog2</Val>
   <Val>Analog3</Val>
   <Val>Analog4</Val>
   <Val>Analog5</Val>
   <Val>Analog6</Val>
  </desc>
 </Poll3>
 <Poll4>
  <polldesc></polldesc>
  <slave>1</slave>
  <function>3</function>
  <startaddr>1</startaddr>
  <addrperitem>1</addrperitem>
  <val1>1</val1>
  <val2></val2>
  <val3>10</val3>
  <write>
   <Val>0</Val>
  </write>
  <desc>
   <Val></Val>
  </desc>
 </Poll4>
 <Poll5>
  <polldesc></polldesc>
  <slave>1</slave>
  <function>3</function>
  <startaddr>1</startaddr>
  <addrperitem>1</addrperitem>
  <val1>1</val1>
  <val2></val2>
  <val3>10</val3>
  <write>
   <Val>0</Val>
  </write>
  <desc>
   <Val></Val>
  </desc>
 </Poll5>
 <Poll6>
  <polldesc></polldesc>
  <slave>1</slave>
  <function>3</function>
  <startaddr>1</startaddr>
  <addrperitem>1</addrperitem>
  <val1>1</val1>
  <val2></val2>
  <val3>10</val3>
  <write>
   <Val>0</Val>
  </write>
  <desc>
   <Val></Val>
  </desc>
 </Poll6>
 <Poll7>
  <polldesc>Legacy Read Only System Vars</polldesc>
  <slave>1</slave>
  <function>3</function>
  <startaddr>0</startaddr>
  <addrperitem>2</addrperitem>
  <val1>15</val1>
  <val2>1</val2>
  <val3>1032</val3>
  <write>
   <Val>0</Val>
  </write>
  <desc>
   <Val>System Status</Val>
   <Val>Digins</Val>
   <Val>Message ID</Val>
   <Val>Good/A Pulse</Val>
   <Val>Bad/B Pulse</Val>
   <Val>Rawin Pulse</Val>
   <Val>Prover Status</Val>
   <Val>Prover Pulsein</Val>
   <Val>Prover Pulsein SW1-2</Val>
   <Val>Prover Time SW1-2</Val>
   <Val>Prover Time P1-N1</Val>
   <Val>P513 HW Vn</Val>
   <Val>P513 SW Vn</Val>
   <Val>P572 FW Vn</Val>
   <Val>Reserved</Val>
  </desc>
 </Poll7>
 <Poll8>
  <polldesc>Legacy Read Only Floats</polldesc>
  <slave>2</slave>
  <function>3</function>
  <startaddr>1000</startaddr>
  <addrperitem>2</addrperitem>
  <val1>11</val1>
  <val2>3</val2>
  <val3>3210</val3>
  <write>
   <Val>0</Val>
  </write>
  <desc>
   <Val>Good/A Frequency</Val>
   <Val>Bad/B Frequency</Val>
   <Val>Rawin Frequency</Val>
   <Val>Density 1</Val>
   <Val>Density 2</Val>
   <Val>Analog 1</Val>
   <Val>Analog 2</Val>
   <Val>Analog 3</Val>
   <Val>Analog 4</Val>
   <Val>Analog 5</Val>
   <Val>Analog 6</Val>
  </desc>
 </Poll8>
 <Poll9>
  <polldesc>Leagcy Read/Write Regs</polldesc>
  <slave>1</slave>
  <function>3</function>
  <startaddr>50</startaddr>
  <addrperitem>2</addrperitem>
  <val1>12</val1>
  <val2>1</val2>
  <val3>1032</val3>
  <write>
   <Val>0</Val>
  </write>
  <desc>
   <Val>System Config</Val>
   <Val>DigOuts</Val>
   <Val>Pulse Output 1 Bucket</Val>
   <Val>Pulse Output 2 Bucket</Val>
   <Val>Pulse Output 1 Period</Val>
   <Val>Pulse Output 2 Period</Val>
   <Val>Prover Config</Val>
   <Val>unused</Val>
   <Val>Prover OneShot Count</Val>
   <Val>Purge Pulse Output 1</Val>
   <Val>Purge Pulse Output 2</Val>
   <Val>RawOut Mode</Val>
  </desc>
 </Poll9>
 <Poll10>
  <polldesc></polldesc>
  <slave>1</slave>
  <function>3</function>
  <startaddr>1</startaddr>
  <addrperitem>1</addrperitem>
  <val1>1</val1>
  <val2></val2>
  <val3></val3>
  <write>
   <Val>0</Val>
  </write>
  <desc>
   <Val></Val>
  </desc>
 </Poll10>
 <Poll11>
  <polldesc></polldesc>
  <slave>1</slave>
  <function>3</function>
  <startaddr>1</startaddr>
  <addrperitem>1</addrperitem>
  <val1>1</val1>
  <val2></val2>
  <val3></val3>
  <write>
   <Val>0</Val>
  </write>
  <desc>
   <Val></Val>
  </desc>
 </Poll11>
 <Poll12>
  <polldesc></polldesc>
  <slave>1</slave>
  <function>3</function>
  <startaddr>1</startaddr>
  <addrperitem>1</addrperitem>
  <val1>1</val1>
  <val2></val2>
  <val3></val3>
  <write>
   <Val>0</Val>
  </write>
  <desc>
   <Val></Val>
  </desc>
 </Poll12>
 <Poll13>
  <polldesc></polldesc>
  <slave>1</slave>
  <function>3</function>
  <startaddr>1</startaddr>
  <addrperitem>1</addrperitem>
  <val1>1</val1>
  <val2></val2>
  <val3></val3>
  <write>
   <Val>0</Val>
  </write>
  <desc>
   <Val></Val>
  </desc>
 </Poll13>
 <Poll14>
  <polldesc></polldesc>
  <slave>1</slave>
  <function>3</function>
  <startaddr>1</startaddr>
  <addrperitem>1</addrperitem>
  <val1>1</val1>
  <val2></val2>
  <val3></val3>
  <write>
   <Val>0</Val>
  </write>
  <desc>
   <Val></Val>
  </desc>
 </Poll14>
 <Poll15>
  <polldesc></polldesc>
  <slave>1</slave>
  <function>3</function>
  <startaddr>1</startaddr>
  <addrperitem>1</addrperitem>
  <val1>1</val1>
  <val2></val2>
  <val3></val3>
  <write>
   <Val>0</Val>
  </write>
  <desc>
   <Val></Val>
  </desc>
 </Poll15>
 <Poll16>
  <polldesc></polldesc>
  <slave>1</slave>
  <function>3</function>
  <startaddr>1</startaddr>
  <addrperitem>1</addrperitem>
  <val1>1</val1>
  <val2></val2>
  <val3></val3>
  <write>
   <Val>0</Val>
  </write>
  <desc>
   <Val></Val>
  </desc>
 </Poll16>
 <Poll17>
  <polldesc></polldesc>
  <slave>1</slave>
  <function>3</function>
  <startaddr>1</startaddr>
  <addrperitem>1</addrperitem>
  <val1>1</val1>
  <val2></val2>
  <val3></val3>
  <write>
   <Val>0</Val>
  </write>
  <desc>
   <Val></Val>
  </desc>
 </Poll17>
 <Poll18>
  <polldesc></polldesc>
  <slave>1</slave>
  <function>3</function>
  <startaddr>1</startaddr>
  <addrperitem>1</addrperitem>
  <val1>1</val1>
  <val2></val2>
  <val3></val3>
  <write>
   <Val>0</Val>
  </write>
  <desc>
   <Val></Val>
  </desc>
 </Poll18>
 <Poll19>
  <polldesc></polldesc>
  <slave>1</slave>
  <function>3</function>
  <startaddr>1</startaddr>
  <addrperitem>1</addrperitem>
  <val1>1</val1>
  <val2></val2>
  <val3></val3>
  <write>
   <Val>0</Val>
  </write>
  <desc>
   <Val></Val>
  </desc>
 </Poll19>
 <Poll20>
  <polldesc></polldesc>
  <slave>1</slave>
  <function>3</function>
  <startaddr>1</startaddr>
  <addrperitem>1</addrperitem>
  <val1>1</val1>
  <val2></val2>
  <val3></val3>
  <write>
   <Val>0</Val>
  </write>
  <desc>
   <Val></Val>
  </desc>
 </Poll20>
 <Poll21>
  <polldesc></polldesc>
  <slave>1</slave>
  <function>3</function>
  <startaddr>1</startaddr>
  <addrperitem>1</addrperitem>
  <val1>1</val1>
  <val2></val2>
  <val3></val3>
  <write>
   <Val>0</Val>
  </write>
  <desc>
   <Val></Val>
  </desc>
 </Poll21>
 <Poll22>
  <polldesc></polldesc>
  <slave>1</slave>
  <function>3</function>
  <startaddr>1</startaddr>
  <addrperitem>1</addrperitem>
  <val1>1</val1>
  <val2></val2>
  <val3></val3>
  <write>
   <Val>0</Val>
  </write>
  <desc>
   <Val></Val>
  </desc>
 </Poll22>
 <Poll23>
  <polldesc></polldesc>
  <slave>1</slave>
  <function>3</function>
  <startaddr>1</startaddr>
  <addrperitem>1</addrperitem>
  <val1>1</val1>
  <val2></val2>
  <val3></val3>
  <write>
   <Val>0</Val>
  </write>
  <desc>
   <Val></Val>
  </desc>
 </Poll23>
 <Poll24>
  <polldesc></polldesc>
  <slave>1</slave>
  <function>3</function>
  <startaddr>1</startaddr>
  <addrperitem>1</addrperitem>
  <val1>1</val1>
  <val2></val2>
  <val3></val3>
  <write>
   <Val>0</Val>
  </write>
  <desc>
   <Val></Val>
  </desc>
 </Poll24>
 <Poll25>
  <polldesc></polldesc>
  <slave>1</slave>
  <function>3</function>
  <startaddr>1</startaddr>
  <addrperitem>1</addrperitem>
  <val1>1</val1>
  <val2></val2>
  <val3></val3>
  <write>
   <Val>0</Val>
  </write>
  <desc>
   <Val></Val>
  </desc>
 </Poll25>
 <Poll26>
  <polldesc></polldesc>
  <slave>1</slave>
  <function>3</function>
  <startaddr>1</startaddr>
  <addrperitem>1</addrperitem>
  <val1>1</val1>
  <val2></val2>
  <val3></val3>
  <write>
   <Val>0</Val>
  </write>
  <desc>
   <Val></Val>
  </desc>
 </Poll26>
 <Poll27>
  <polldesc></polldesc>
  <slave>1</slave>
  <function>3</function>
  <startaddr>1</startaddr>
  <addrperitem>1</addrperitem>
  <val1>1</val1>
  <val2></val2>
  <val3></val3>
  <write>
   <Val>0</Val>
  </write>
  <desc>
   <Val></Val>
  </desc>
 </Poll27>
 <Poll28>
  <polldesc></polldesc>
  <slave>1</slave>
  <function>3</function>
  <startaddr>1</startaddr>
  <addrperitem>1</addrperitem>
  <val1>1</val1>
  <val2></val2>
  <val3></val3>
  <write>
   <Val>0</Val>
  </write>
  <desc>
   <Val></Val>
  </desc>
 </Poll28>
 <Poll29>
  <polldesc></polldesc>
  <slave>1</slave>
  <function>3</function>
  <startaddr>1</startaddr>
  <addrperitem>1</addrperitem>
  <val1>1</val1>
  <val2></val2>
  <val3></val3>
  <write>
   <Val>0</Val>
  </write>
  <desc>
   <Val></Val>
  </desc>
 </Poll29>
 <Poll30>
  <polldesc></polldesc>
  <slave>1</slave>
  <function>3</function>
  <startaddr>1</startaddr>
  <addrperitem>1</addrperitem>
  <val1>1</val1>
  <val2></val2>
  <val3></val3>
  <write>
   <Val>0</Val>
  </write>
  <desc>
   <Val></Val>
  </desc>
 </Poll30>
 <Poll31>
  <polldesc></polldesc>
  <slave>1</slave>
  <function>3</function>
  <startaddr>1</startaddr>
  <addrperitem>1</addrperitem>
  <val1>1</val1>
  <val2></val2>
  <val3></val3>
  <write>
   <Val>0</Val>
  </write>
  <desc>
   <Val></Val>
  </desc>
 </Poll31>
 <Poll32>
  <polldesc></polldesc>
  <slave>1</slave>
  <function>3</function>
  <startaddr>1</startaddr>
  <addrperitem>1</addrperitem>
  <val1>1</val1>
  <val2></val2>
  <val3></val3>
  <write>
   <Val>0</Val>
  </write>
  <desc>
   <Val></Val>
  </desc>
 </Poll32>
 <Poll33>
  <polldesc></polldesc>
  <slave>1</slave>
  <function>3</function>
  <startaddr>1</startaddr>
  <addrperitem>1</addrperitem>
  <val1>1</val1>
  <val2></val2>
  <val3></val3>
  <write>
   <Val>0</Val>
  </write>
  <desc>
   <Val></Val>
  </desc>
 </Poll33>
 <Poll34>
  <polldesc></polldesc>
  <slave>1</slave>
  <function>3</function>
  <startaddr>1</startaddr>
  <addrperitem>1</addrperitem>
  <val1>1</val1>
  <val2></val2>
  <val3></val3>
  <write>
   <Val>0</Val>
  </write>
  <desc>
   <Val></Val>
  </desc>
 </Poll34>
 <Poll35>
  <polldesc></polldesc>
  <slave>1</slave>
  <function>3</function>
  <startaddr>1</startaddr>
  <addrperitem>1</addrperitem>
  <val1>1</val1>
  <val2></val2>
  <val3></val3>
  <write>
   <Val>0</Val>
  </write>
  <desc>
   <Val></Val>
  </desc>
 </Poll35>
 <Poll36>
  <polldesc></polldesc>
  <slave>1</slave>
  <function>3</function>
  <startaddr>1</startaddr>
  <addrperitem>1</addrperitem>
  <val1>1</val1>
  <val2></val2>
  <val3></val3>
  <write>
   <Val>0</Val>
  </write>
  <desc>
   <Val></Val>
  </desc>
 </Poll36>
 <Poll37>
  <polldesc></polldesc>
  <slave>1</slave>
  <function>3</function>
  <startaddr>1</startaddr>
  <addrperitem>1</addrperitem>
  <val1>1</val1>
  <val2></val2>
  <val3></val3>
  <write>
   <Val>0</Val>
  </write>
  <desc>
   <Val></Val>
  </desc>
 </Poll37>
 <Poll38>
  <polldesc></polldesc>
  <slave>1</slave>
  <function>3</function>
  <startaddr>1</startaddr>
  <addrperitem>1</addrperitem>
  <val1>1</val1>
  <val2></val2>
  <val3></val3>
  <write>
   <Val>0</Val>
  </write>
  <desc>
   <Val></Val>
  </desc>
 </Poll38>
 <Poll39>
  <polldesc></polldesc>
  <slave>1</slave>
  <function>3</function>
  <startaddr>1</startaddr>
  <addrperitem>1</addrperitem>
  <val1>1</val1>
  <val2></val2>
  <val3></val3>
  <write>
   <Val>0</Val>
  </write>
  <desc>
   <Val></Val>
  </desc>
 </Poll39>
 <Poll40>
  <polldesc></polldesc>
  <slave>1</slave>
  <function>3</function>
  <startaddr>1</startaddr>
  <addrperitem>1</addrperitem>
  <val1>1</val1>
  <val2></val2>
  <val3></val3>
  <write>
   <Val>0</Val>
  </write>
  <desc>
   <Val></Val>
  </desc>
 </Poll40>
 <Poll41>
  <polldesc></polldesc>
  <slave>1</slave>
  <function>3</function>
  <startaddr>1</startaddr>
  <addrperitem>1</addrperitem>
  <val1>1</val1>
  <val2></val2>
  <val3></val3>
  <write>
   <Val>0</Val>
  </write>
  <desc>
   <Val></Val>
  </desc>
 </Poll41>
 <Poll42>
  <polldesc></polldesc>
  <slave>1</slave>
  <function>3</function>
  <startaddr>1</startaddr>
  <addrperitem>1</addrperitem>
  <val1>1</val1>
  <val2></val2>
  <val3></val3>
  <write>
   <Val>0</Val>
  </write>
  <desc>
   <Val></Val>
  </desc>
 </Poll42>
 <Poll43>
  <polldesc></polldesc>
  <slave>1</slave>
  <function>3</function>
  <startaddr>1</startaddr>
  <addrperitem>1</addrperitem>
  <val1>1</val1>
  <val2></val2>
  <val3></val3>
  <write>
   <Val>0</Val>
  </write>
  <desc>
   <Val></Val>
  </desc>
 </Poll43>
 <Poll44>
  <polldesc></polldesc>
  <slave>1</slave>
  <function>3</function>
  <startaddr>1</startaddr>
  <addrperitem>1</addrperitem>
  <val1>1</val1>
  <val2></val2>
  <val3></val3>
  <write>
   <Val>0</Val>
  </write>
  <desc>
   <Val></Val>
  </desc>
 </Poll44>
 <Poll45>
  <polldesc></polldesc>
  <slave>1</slave>
  <function>3</function>
  <startaddr>1</startaddr>
  <addrperitem>1</addrperitem>
  <val1>1</val1>
  <val2></val2>
  <val3></val3>
  <write>
   <Val>0</Val>
  </write>
  <desc>
   <Val></Val>
  </desc>
 </Poll45>
 <Poll46>
  <polldesc></polldesc>
  <slave>1</slave>
  <function>3</function>
  <startaddr>1</startaddr>
  <addrperitem>1</addrperitem>
  <val1>1</val1>
  <val2></val2>
  <val3></val3>
  <write>
   <Val>0</Val>
  </write>
  <desc>
   <Val></Val>
  </desc>
 </Poll46>
 <Poll47>
  <polldesc></polldesc>
  <slave>1</slave>
  <function>3</function>
  <startaddr>1</startaddr>
  <addrperitem>1</addrperitem>
  <val1>1</val1>
  <val2></val2>
  <val3></val3>
  <write>
   <Val>0</Val>
  </write>
  <desc>
   <Val></Val>
  </desc>
 </Poll47>
 <Poll48>
  <polldesc></polldesc>
  <slave>1</slave>
  <function>3</function>
  <startaddr>1</startaddr>
  <addrperitem>1</addrperitem>
  <val1>1</val1>
  <val2></val2>
  <val3></val3>
  <write>
   <Val>0</Val>
  </write>
  <desc>
   <Val></Val>
  </desc>
 </Poll48>
 <Poll49>
  <polldesc></polldesc>
  <slave>1</slave>
  <function>3</function>
  <startaddr>1</startaddr>
  <addrperitem>1</addrperitem>
  <val1>1</val1>
  <val2></val2>
  <val3></val3>
  <write>
   <Val>0</Val>
  </write>
  <desc>
   <Val></Val>
  </desc>
 </Poll49>
 <Poll50>
  <polldesc></polldesc>
  <slave>1</slave>
  <function>3</function>
  <startaddr>1</startaddr>
  <addrperitem>1</addrperitem>
  <val1>1</val1>
  <val2></val2>
  <val3></val3>
  <write>
   <Val>0</Val>
  </write>
  <desc>
   <Val></Val>
  </desc>
 </Poll50>
 <Poll51>
  <polldesc></polldesc>
  <slave>1</slave>
  <function>3</function>
  <startaddr>1</startaddr>
  <addrperitem>1</addrperitem>
  <val1>1</val1>
  <val2></val2>
  <val3></val3>
  <write>
   <Val>0</Val>
  </write>
  <desc>
   <Val></Val>
  </desc>
 </Poll51>
 <Poll52>
  <polldesc></polldesc>
  <slave>1</slave>
  <function>3</function>
  <startaddr>1</startaddr>
  <addrperitem>1</addrperitem>
  <val1>1</val1>
  <val2></val2>
  <val3></val3>
  <write>
   <Val>0</Val>
  </write>
  <desc>
   <Val></Val>
  </desc>
 </Poll52>
 <Poll53>
  <polldesc></polldesc>
  <slave>1</slave>
  <function>3</function>
  <startaddr>1</startaddr>
  <addrperitem>1</addrperitem>
  <val1>1</val1>
  <val2></val2>
  <val3></val3>
  <write>
   <Val>0</Val>
  </write>
  <desc>
   <Val></Val>
  </desc>
 </Poll53>
 <Poll54>
  <polldesc></polldesc>
  <slave>1</slave>
  <function>3</function>
  <startaddr>1</startaddr>
  <addrperitem>1</addrperitem>
  <val1>1</val1>
  <val2></val2>
  <val3></val3>
  <write>
   <Val>0</Val>
  </write>
  <desc>
   <Val></Val>
  </desc>
 </Poll54>
 <Poll55>
  <polldesc></polldesc>
  <slave>1</slave>
  <function>3</function>
  <startaddr>1</startaddr>
  <addrperitem>1</addrperitem>
  <val1>1</val1>
  <val2></val2>
  <val3></val3>
  <write>
   <Val>0</Val>
  </write>
  <desc>
   <Val></Val>
  </desc>
 </Poll55>
 <Poll56>
  <polldesc></polldesc>
  <slave>1</slave>
  <function>3</function>
  <startaddr>1</startaddr>
  <addrperitem>1</addrperitem>
  <val1>1</val1>
  <val2></val2>
  <val3></val3>
  <write>
   <Val>0</Val>
  </write>
  <desc>
   <Val></Val>
  </desc>
 </Poll56>
 <Poll57>
  <polldesc></polldesc>
  <slave>1</slave>
  <function>3</function>
  <startaddr>1</startaddr>
  <addrperitem>1</addrperitem>
  <val1>1</val1>
  <val2></val2>
  <val3></val3>
  <write>
   <Val>0</Val>
  </write>
  <desc>
   <Val></Val>
  </desc>
 </Poll57>
 <Poll58>
  <polldesc></polldesc>
  <slave>1</slave>
  <function>3</function>
  <startaddr>1</startaddr>
  <addrperitem>1</addrperitem>
  <val1>1</val1>
  <val2></val2>
  <val3></val3>
  <write>
   <Val>0</Val>
  </write>
  <desc>
   <Val></Val>
  </desc>
 </Poll58>
 <Poll59>
  <polldesc></polldesc>
  <slave>1</slave>
  <function>3</function>
  <startaddr>1</startaddr>
  <addrperitem>1</addrperitem>
  <val1>1</val1>
  <val2></val2>
  <val3></val3>
  <write>
   <Val>0</Val>
  </write>
  <desc>
   <Val></Val>
  </desc>
 </Poll59>
 <Poll60>
  <polldesc></polldesc>
  <slave>1</slave>
  <function>3</function>
  <startaddr>1</startaddr>
  <addrperitem>1</addrperitem>
  <val1>1</val1>
  <val2></val2>
  <val3></val3>
  <write>
   <Val>0</Val>
  </write>
  <desc>
   <Val></Val>
  </desc>
 </Poll60>
 <Poll61>
  <polldesc></polldesc>
  <slave>1</slave>
  <function>3</function>
  <startaddr>1</startaddr>
  <addrperitem>1</addrperitem>
  <val1>1</val1>
  <val2></val2>
  <val3></val3>
  <write>
   <Val>0</Val>
  </write>
  <desc>
   <Val></Val>
  </desc>
 </Poll61>
 <Poll62>
  <polldesc></polldesc>
  <slave>1</slave>
  <function>3</function>
  <startaddr>1</startaddr>
  <addrperitem>1</addrperitem>
  <val1>1</val1>
  <val2></val2>
  <val3></val3>
  <write>
   <Val>0</Val>
  </write>
  <desc>
   <Val></Val>
  </desc>
 </Poll62>
 <Poll63>
  <polldesc></polldesc>
  <slave>1</slave>
  <function>3</function>
  <startaddr>1</startaddr>
  <addrperitem>1</addrperitem>
  <val1>1</val1>
  <val2></val2>
  <val3></val3>
  <write>
   <Val>0</Val>
  </write>
  <desc>
   <Val></Val>
  </desc>
 </Poll63>
 <Poll64>
  <polldesc></polldesc>
  <slave>1</slave>
  <function>3</function>
  <startaddr>1</startaddr>
  <addrperitem>1</addrperitem>
  <val1>1</val1>
  <val2></val2>
  <val3></val3>
  <write>
   <Val>0</Val>
  </write>
  <desc>
   <Val></Val>
  </desc>
 </Poll64>
 <Poll65>
  <polldesc></polldesc>
  <slave>1</slave>
  <function>3</function>
  <startaddr>1</startaddr>
  <addrperitem>1</addrperitem>
  <val1>1</val1>
  <val2></val2>
  <val3></val3>
  <write>
   <Val>0</Val>
  </write>
  <desc>
   <Val></Val>
  </desc>
 </Poll65>
 <Poll66>
  <polldesc></polldesc>
  <slave>1</slave>
  <function>3</function>
  <startaddr>1</startaddr>
  <addrperitem>1</addrperitem>
  <val1>1</val1>
  <val2></val2>
  <val3></val3>
  <write>
   <Val>0</Val>
  </write>
  <desc>
   <Val></Val>
  </desc>
 </Poll66>
 <Poll67>
  <polldesc></polldesc>
  <slave>1</slave>
  <function>3</function>
  <startaddr>1</startaddr>
  <addrperitem>1</addrperitem>
  <val1>1</val1>
  <val2></val2>
  <val3></val3>
  <write>
   <Val>0</Val>
  </write>
  <desc>
   <Val></Val>
  </desc>
 </Poll67>
 <Poll68>
  <polldesc></polldesc>
  <slave>1</slave>
  <function>3</function>
  <startaddr>1</startaddr>
  <addrperitem>1</addrperitem>
  <val1>1</val1>
  <val2></val2>
  <val3></val3>
  <write>
   <Val>0</Val>
  </write>
  <desc>
   <Val></Val>
  </desc>
 </Poll68>
 <Poll69>
  <polldesc></polldesc>
  <slave>1</slave>
  <function>3</function>
  <startaddr>1</startaddr>
  <addrperitem>1</addrperitem>
  <val1>1</val1>
  <val2></val2>
  <val3></val3>
  <write>
   <Val>0</Val>
  </write>
  <desc>
   <Val></Val>
  </desc>
 </Poll69>
 <Poll70>
  <polldesc></polldesc>
  <slave>1</slave>
  <function>3</function>
  <startaddr>1</startaddr>
  <addrperitem>1</addrperitem>
  <val1>1</val1>
  <val2></val2>
  <val3></val3>
  <write>
   <Val>0</Val>
  </write>
  <desc>
   <Val></Val>
  </desc>
 </Poll70>
 <Poll71>
  <polldesc></polldesc>
  <slave>1</slave>
  <function>3</function>
  <startaddr>1</startaddr>
  <addrperitem>1</addrperitem>
  <val1>1</val1>
  <val2></val2>
  <val3></val3>
  <write>
   <Val>0</Val>
  </write>
  <desc>
   <Val></Val>
  </desc>
 </Poll71>
 <Poll72>
  <polldesc></polldesc>
  <slave>1</slave>
  <function>3</function>
  <startaddr>1</startaddr>
  <addrperitem>1</addrperitem>
  <val1>1</val1>
  <val2></val2>
  <val3></val3>
  <write>
   <Val>0</Val>
  </write>
  <desc>
   <Val></Val>
  </desc>
 </Poll72>
 <Poll73>
  <polldesc></polldesc>
  <slave>1</slave>
  <function>3</function>
  <startaddr>1</startaddr>
  <addrperitem>1</addrperitem>
  <val1>1</val1>
  <val2></val2>
  <val3></val3>
  <write>
   <Val>0</Val>
  </write>
  <desc>
   <Val></Val>
  </desc>
 </Poll73>
 <Poll74>
  <polldesc></polldesc>
  <slave>1</slave>
  <function>3</function>
  <startaddr>1</startaddr>
  <addrperitem>1</addrperitem>
  <val1>1</val1>
  <val2></val2>
  <val3></val3>
  <write>
   <Val>0</Val>
  </write>
  <desc>
   <Val></Val>
  </desc>
 </Poll74>
 <Poll75>
  <polldesc></polldesc>
  <slave>1</slave>
  <function>3</function>
  <startaddr>1</startaddr>
  <addrperitem>1</addrperitem>
  <val1>1</val1>
  <val2></val2>
  <val3></val3>
  <write>
   <Val>0</Val>
  </write>
  <desc>
   <Val></Val>
  </desc>
 </Poll75>
 <Poll76>
  <polldesc></polldesc>
  <slave>1</slave>
  <function>3</function>
  <startaddr>1</startaddr>
  <addrperitem>1</addrperitem>
  <val1>1</val1>
  <val2></val2>
  <val3></val3>
  <write>
   <Val>0</Val>
  </write>
  <desc>
   <Val></Val>
  </desc>
 </Poll76>
 <Poll77>
  <polldesc></polldesc>
  <slave>1</slave>
  <function>3</function>
  <startaddr>1</startaddr>
  <addrperitem>1</addrperitem>
  <val1>1</val1>
  <val2></val2>
  <val3></val3>
  <write>
   <Val>0</Val>
  </write>
  <desc>
   <Val></Val>
  </desc>
 </Poll77>
 <Poll78>
  <polldesc></polldesc>
  <slave>1</slave>
  <function>3</function>
  <startaddr>1</startaddr>
  <addrperitem>1</addrperitem>
  <val1>1</val1>
  <val2></val2>
  <val3></val3>
  <write>
   <Val>0</Val>
  </write>
  <desc>
   <Val></Val>
  </desc>
 </Poll78>
 <Poll79>
  <polldesc></polldesc>
  <slave>1</slave>
  <function>3</function>
  <startaddr>1</startaddr>
  <addrperitem>1</addrperitem>
  <val1>1</val1>
  <val2></val2>
  <val3></val3>
  <write>
   <Val>0</Val>
  </write>
  <desc>
   <Val></Val>
  </desc>
 </Poll79>
 <Poll80>
  <polldesc></polldesc>
  <slave>1</slave>
  <function>3</function>
  <startaddr>1</startaddr>
  <addrperitem>1</addrperitem>
  <val1>1</val1>
  <val2></val2>
  <val3></val3>
  <write>
   <Val>0</Val>
  </write>
  <desc>
   <Val></Val>
  </desc>
 </Poll80>
 <Poll81>
  <polldesc></polldesc>
  <slave>1</slave>
  <function>3</function>
  <startaddr>1</startaddr>
  <addrperitem>1</addrperitem>
  <val1>1</val1>
  <val2></val2>
  <val3></val3>
  <write>
   <Val>0</Val>
  </write>
  <desc>
   <Val></Val>
  </desc>
 </Poll81>
 <Poll82>
  <polldesc></polldesc>
  <slave>1</slave>
  <function>3</function>
  <startaddr>1</startaddr>
  <addrperitem>1</addrperitem>
  <val1>1</val1>
  <val2></val2>
  <val3></val3>
  <write>
   <Val>0</Val>
  </write>
  <desc>
   <Val></Val>
  </desc>
 </Poll82>
 <Poll83>
  <polldesc></polldesc>
  <slave>1</slave>
  <function>3</function>
  <startaddr>1</startaddr>
  <addrperitem>1</addrperitem>
  <val1>1</val1>
  <val2></val2>
  <val3></val3>
  <write>
   <Val>0</Val>
  </write>
  <desc>
   <Val></Val>
  </desc>
 </Poll83>
 <Poll84>
  <polldesc></polldesc>
  <slave>1</slave>
  <function>3</function>
  <startaddr>1</startaddr>
  <addrperitem>1</addrperitem>
  <val1>1</val1>
  <val2></val2>
  <val3></val3>
  <write>
   <Val>0</Val>
  </write>
  <desc>
   <Val></Val>
  </desc>
 </Poll84>
 <Poll85>
  <polldesc></polldesc>
  <slave>1</slave>
  <function>3</function>
  <startaddr>1</startaddr>
  <addrperitem>1</addrperitem>
  <val1>1</val1>
  <val2></val2>
  <val3></val3>
  <write>
   <Val>0</Val>
  </write>
  <desc>
   <Val></Val>
  </desc>
 </Poll85>
 <Poll86>
  <polldesc></polldesc>
  <slave>1</slave>
  <function>3</function>
  <startaddr>1</startaddr>
  <addrperitem>1</addrperitem>
  <val1>1</val1>
  <val2></val2>
  <val3></val3>
  <write>
   <Val>0</Val>
  </write>
  <desc>
   <Val></Val>
  </desc>
 </Poll86>
 <Poll87>
  <polldesc></polldesc>
  <slave>1</slave>
  <function>3</function>
  <startaddr>1</startaddr>
  <addrperitem>1</addrperitem>
  <val1>1</val1>
  <val2></val2>
  <val3></val3>
  <write>
   <Val>0</Val>
  </write>
  <desc>
   <Val></Val>
  </desc>
 </Poll87>
 <Poll88>
  <polldesc></polldesc>
  <slave>1</slave>
  <function>3</function>
  <startaddr>1</startaddr>
  <addrperitem>1</addrperitem>
  <val1>1</val1>
  <val2></val2>
  <val3></val3>
  <write>
   <Val>0</Val>
  </write>
  <desc>
   <Val></Val>
  </desc>
 </Poll88>
 <Poll89>
  <polldesc></polldesc>
  <slave>1</slave>
  <function>3</function>
  <startaddr>1</startaddr>
  <addrperitem>1</addrperitem>
  <val1>1</val1>
  <val2></val2>
  <val3></val3>
  <write>
   <Val>0</Val>
  </write>
  <desc>
   <Val></Val>
  </desc>
 </Poll89>
 <Poll90>
  <polldesc></polldesc>
  <slave>1</slave>
  <function>3</function>
  <startaddr>1</startaddr>
  <addrperitem>1</addrperitem>
  <val1>1</val1>
  <val2></val2>
  <val3></val3>
  <write>
   <Val>0</Val>
  </write>
  <desc>
   <Val></Val>
  </desc>
 </Poll90>
 <Poll91>
  <polldesc></polldesc>
  <slave>1</slave>
  <function>3</function>
  <startaddr>1</startaddr>
  <addrperitem>1</addrperitem>
  <val1>1</val1>
  <val2></val2>
  <val3></val3>
  <write>
   <Val>0</Val>
  </write>
  <desc>
   <Val></Val>
  </desc>
 </Poll91>
 <Poll92>
  <polldesc></polldesc>
  <slave>1</slave>
  <function>3</function>
  <startaddr>1</startaddr>
  <addrperitem>1</addrperitem>
  <val1>1</val1>
  <val2></val2>
  <val3></val3>
  <write>
   <Val>0</Val>
  </write>
  <desc>
   <Val></Val>
  </desc>
 </Poll92>
 <Poll93>
  <polldesc></polldesc>
  <slave>1</slave>
  <function>3</function>
  <startaddr>1</startaddr>
  <addrperitem>1</addrperitem>
  <val1>1</val1>
  <val2></val2>
  <val3></val3>
  <write>
   <Val>0</Val>
  </write>
  <desc>
   <Val></Val>
  </desc>
 </Poll93>
 <Poll94>
  <polldesc></polldesc>
  <slave>1</slave>
  <function>3</function>
  <startaddr>1</startaddr>
  <addrperitem>1</addrperitem>
  <val1>1</val1>
  <val2></val2>
  <val3></val3>
  <write>
   <Val>0</Val>
  </write>
  <desc>
   <Val></Val>
  </desc>
 </Poll94>
 <Poll95>
  <polldesc></polldesc>
  <slave>1</slave>
  <function>3</function>
  <startaddr>1</startaddr>
  <addrperitem>1</addrperitem>
  <val1>1</val1>
  <val2></val2>
  <val3></val3>
  <write>
   <Val>0</Val>
  </write>
  <desc>
   <Val></Val>
  </desc>
 </Poll95>
 <Poll96>
  <polldesc></polldesc>
  <slave>1</slave>
  <function>3</function>
  <startaddr>1</startaddr>
  <addrperitem>1</addrperitem>
  <val1>1</val1>
  <val2></val2>
  <val3></val3>
  <write>
   <Val>0</Val>
  </write>
  <desc>
   <Val></Val>
  </desc>
 </Poll96>
 <Poll97>
  <polldesc></polldesc>
  <slave>1</slave>
  <function>3</function>
  <startaddr>1</startaddr>
  <addrperitem>1</addrperitem>
  <val1>1</val1>
  <val2></val2>
  <val3></val3>
  <write>
   <Val>0</Val>
  </write>
  <desc>
   <Val></Val>
  </desc>
 </Poll97>
 <Poll98>
  <polldesc></polldesc>
  <slave>1</slave>
  <function>3</function>
  <startaddr>1</startaddr>
  <addrperitem>1</addrperitem>
  <val1>1</val1>
  <val2></val2>
  <val3></val3>
  <write>
   <Val>0</Val>
  </write>
  <desc>
   <Val></Val>
  </desc>
 </Poll98>
 <Poll99>
  <polldesc></polldesc>
  <slave>1</slave>
  <function>3</function>
  <startaddr>1</startaddr>
  <addrperitem>1</addrperitem>
  <val1>1</val1>
  <val2></val2>
  <val3></val3>
  <write>
   <Val>0</Val>
  </write>
  <desc>
   <Val></Val>
  </desc>
 </Poll99>
</polls>
